theta,gamma,z_H,k,l,w,r,b,welfare,cv
0.11,1.0,3.0,7.248838072630343,0.7501780793650314,1.4481629236538986,0.024301620377839214,0.4898224627613383,-23.564059717950425,0.5932423637201151
