theta,gamma,z_H,k,l,w,r,b,welfare,cv
0.0,0.42,0.5,1.2860064467889956,0.17725498671919418,1.3062071602518417,0.04127212040759849,0.0,-45.87610386290027,0.877033513297412
