theta,gamma,z_H,k,l,w,r,b,welfare,cv
0.0,0.42,3.0,4.596975244225256,0.36493621792485026,1.593205677241219,0.01114414655909772,0.0,-37.454584858554085,0.667740483958095
