theta,gamma,z_H,k,l,w,r,b,welfare,cv
0.11,0.42,3.0,3.3561615837921903,0.3425261323222023,1.4554378616513937,0.02355396116705842,0.22477307277668537,-35.77908568353926,0.5986641334749492
