theta,gamma,z_H,k,l,w,r,b,welfare,cv
0.0,0.42,3.0,4.77375120007237,0.36851822747865665,1.6093268773415845,0.009882105952183654,0.0,-37.19444023894414,0.697043165655754
