theta,gamma,z_H,k,l,w,r,b,welfare,cv
0.0,0.42,3.0,4.794453326716365,0.36891131801689814,1.6045090269028055,0.010255580775368006,0.0,-37.17327672222766,0.698843631479125
